{"cameraMode":{"drawMode":0,"name":"Shaded","section":"Shading Mode"},"sceneLighting":false,"audioPlay":false,"sceneViewState":{"m_AlwaysRefresh":false,"showFog":true,"showSkybox":false,"showFlares":true,"showImageEffects":true,"showParticleSystems":true,"showVisualEffectGraphs":true,"m_FxEnabled":true},"in2DMode":false,"pivot":{"x":0.018999099731445314,"y":4.520000457763672,"z":-18.130645751953126},"rotation":{"x":-0.06558874994516373,"y":-0.9256070852279663,"z":0.18889208137989045,"w":-0.3214009404182434},"size":12.12435531616211,"orthographic":false}